priority_score,id,type,name,address,primary_source_url,source_updated_at,missing_fields,stale_enrichment_fields,wikivoyage_listing_id,wikivoyage_source_url,match_score,queue_basis
31,osm_node_3893467765,stay,Funtastic Beach Hostel,,https://www.openstreetmap.org/node/3893467765,2015-12-15T14:08:58Z,price_text;opening_hours;address;phone;website,address;phone;price_text,wv_57a04841f713de1e,https://en.wikivoyage.org/w/index.php?title=Da_Nang&oldid=5289731,0.9945,heuristic gaps + attributable-source match; not popularity
29,osm_node_3159486161,stay,Funtastic Danang Hostel,,https://www.openstreetmap.org/node/3159486161,2014-10-31T16:24:14Z,price_text;opening_hours;address;phone;website,address;price_text,wv_3cc622e7086af5d6,https://en.wikivoyage.org/w/index.php?title=Da_Nang&oldid=5289731,0.7784,heuristic gaps + attributable-source match; not popularity
27,osm_node_729406613,eat,Cafe Hai Quynh,,https://www.openstreetmap.org/node/729406613,2010-05-11T02:52:25Z,price_text;opening_hours;address;phone;website,address,wv_08c360246c829350,https://en.wikivoyage.org/w/index.php?title=Da_Nang&oldid=5289731,0.9175,heuristic gaps + attributable-source match; not popularity
27,osm_node_729406832,eat,DoNa Coffee,,https://www.openstreetmap.org/node/729406832,2011-06-22T08:12:51Z,price_text;opening_hours;address;phone;website,address,wv_936037ece8718730,https://en.wikivoyage.org/w/index.php?title=Da_Nang&oldid=5289731,0.7492,heuristic gaps + attributable-source match; not popularity
27,osm_node_7095169374,stay,Night Sky Hotel,,https://www.openstreetmap.org/node/7095169374,2019-12-30T08:42:03Z,price_text;opening_hours;address;phone;website,price_text,wv_008c8ab1c30725ea,https://en.wikivoyage.org/w/index.php?title=Da_Nang&oldid=5289731,0.9964,heuristic gaps + attributable-source match; not popularity
27,osm_node_10314394709,stay,Radisson,170 Vo Nguyen Giap,https://www.openstreetmap.org/node/10314394709,2026-03-02T15:52:02Z,price_text;opening_hours;phone;website,phone;price_text,wv_601278fcba547b0b,https://en.wikivoyage.org/w/index.php?title=Da_Nang&oldid=5289731,0.7663,heuristic gaps + attributable-source match; not popularity
27,osm_node_7095281754,stay,Đại Á,"51, Yen Bai St, Hai Chau District",https://www.openstreetmap.org/node/7095281754,2019-12-30T09:50:06Z,price_text;opening_hours;phone;website,phone;price_text,wv_5a6c86eb5ed5b71d,https://en.wikivoyage.org/w/index.php?title=Da_Nang&oldid=5289731,0.8998,heuristic gaps + attributable-source match; not popularity
26,osm_node_5429221882,eat,Memory Lounge,"7 Bạch Đằng, Đà Nẵng",https://www.openstreetmap.org/node/5429221882,2023-01-07T16:46:08Z,price_text;opening_hours;phone,opening_hours;phone,wv_62880c5ed2308484,https://en.wikivoyage.org/w/index.php?title=Da_Nang&oldid=5289731,0.9968,heuristic gaps + attributable-source match; not popularity
26,osm_way_164333079,stay,Tia Wellness Resort,Vo Nguyen Giap St,https://www.openstreetmap.org/way/164333079,2023-01-06T03:22:29Z,price_text;opening_hours;phone,phone;price_text,wv_e8743c29233c6deb,https://en.wikivoyage.org/w/index.php?title=Da_Nang&oldid=5289731,0.912,heuristic gaps + attributable-source match; not popularity
25,osm_node_2147660614,eat,Bamboo 2,,https://www.openstreetmap.org/node/2147660614,2024-09-13T15:32:06Z,price_text;opening_hours;address;phone;website,,wv_3fc32ae008bd3b53,https://en.wikivoyage.org/w/index.php?title=Da_Nang&oldid=5289731,0.8457,heuristic gaps + attributable-source match; not popularity
24,osm_node_6152685685,eat,Bún Mắm Vân,K23/14 Trần Kế Xương,https://www.openstreetmap.org/node/6152685685,2018-12-21T23:56:30Z,price_text;phone;website,phone;price_text,wv_9b249f01c20ca582,https://en.wikivoyage.org/w/index.php?title=Da_Nang&oldid=5289731,0.9894,heuristic gaps + attributable-source match; not popularity
24,osm_node_10295139993,eat,Limoncello,212 Đường Trần Phú,https://www.openstreetmap.org/node/10295139993,2022-12-30T15:36:43Z,price_text;opening_hours;phone,opening_hours,wv_e41c9ac18a5563e7,https://en.wikivoyage.org/w/index.php?title=Da_Nang&oldid=5289731,0.947,heuristic gaps + attributable-source match; not popularity
24,osm_way_630840063,stay,Grand Tourane Hotel,252 Đường Võ Nguyên Giáp,https://www.openstreetmap.org/way/630840063,2025-06-14T16:23:47Z,price_text;opening_hours;phone,price_text,wv_b28895d648960b92,https://en.wikivoyage.org/w/index.php?title=Da_Nang&oldid=5289731,0.9469,heuristic gaps + attributable-source match; not popularity
24,osm_way_164333086,stay,Hyatt Regency Resort and Spa,"5 Đường Trường Sa, Danang",https://www.openstreetmap.org/way/164333086,2025-10-06T09:05:44Z,price_text;opening_hours;phone,price_text,wv_14be188af0a88179,https://en.wikivoyage.org/w/index.php?title=Da_Nang&oldid=5289731,0.7366,heuristic gaps + attributable-source match; not popularity
23,osm_node_12848643539,eat,Alo Coffee,89 Hoàng Kế Viêm,https://www.openstreetmap.org/node/12848643539,2025-05-19T10:37:12Z,price_text;opening_hours;phone;website,,wv_d3f672640c715c85,https://en.wikivoyage.org/w/index.php?title=Da_Nang&oldid=5289731,0.7856,heuristic gaps + attributable-source match; not popularity
23,osm_node_5947469391,eat,com ga,"100 Thái Phiên, Phước Ninh, Hải Châu",https://www.openstreetmap.org/node/5947469391,2018-10-02T03:32:46Z,price_text;opening_hours;phone;website,,wv_bb60ed14c00819ff,https://en.wikivoyage.org/w/index.php?title=Da_Nang&oldid=5289731,0.7325,heuristic gaps + attributable-source match; not popularity
23,osm_node_10875254005,eat,Thia Go,53 Phan Thúc Duyện,https://www.openstreetmap.org/node/10875254005,2023-05-07T09:42:57Z,price_text;opening_hours;phone;website,,wv_789d8829524560a9,https://en.wikivoyage.org/w/index.php?title=Da_Nang&oldid=5289731,0.9836,heuristic gaps + attributable-source match; not popularity
23,osm_way_485212452,stay,Furama Resort,"105 Võ Nguyên Giáp, Ngũ Hành Sơn, Da Nang",https://www.openstreetmap.org/way/485212452,2025-08-11T08:14:24Z,price_text;opening_hours,price_text,wv_183212b48152ad88,https://en.wikivoyage.org/w/index.php?title=Da_Nang&oldid=5289731,0.914,heuristic gaps + attributable-source match; not popularity
23,osm_way_360113559,stay,InterContinental Danang Sun Peninsula Resort,"Bai Bac, Son Tra peninsula, Đà Nẵng",https://www.openstreetmap.org/way/360113559,2024-11-05T07:25:51Z,price_text;opening_hours,price_text,wv_8591753c978378d4,https://en.wikivoyage.org/w/index.php?title=Da_Nang&oldid=5289731,0.8817,heuristic gaps + attributable-source match; not popularity
23,osm_node_10747827206,stay,Rom Casa Hostel,47 Đường An Thượng 4,https://www.openstreetmap.org/node/10747827206,2023-03-20T08:20:22Z,price_text;phone,phone;price_text,wv_d328f8923136adbd,https://en.wikivoyage.org/w/index.php?title=Da_Nang&oldid=5289731,0.9965,heuristic gaps + attributable-source match; not popularity
23,osm_node_2985700733,stay,Sanouva Danang Hotel,"68 Đường Phan Châu Trinh, Hải Châu, Đà Nẵng",https://www.openstreetmap.org/node/2985700733,2022-06-24T03:59:44Z,price_text;opening_hours,price_text,wv_9c5d7dcd48bb8382,https://en.wikivoyage.org/w/index.php?title=Da_Nang&oldid=5289731,0.9521,heuristic gaps + attributable-source match; not popularity
22,osm_node_4782419524,eat,Happy Heart Cafe,57 Ngô Thi Sỹ;Đường Ngô Thì Sĩ,https://www.openstreetmap.org/node/4782419524,2025-09-23T13:26:55Z,price_text;opening_hours;website,,wv_236c609b00be6888,https://en.wikivoyage.org/w/index.php?title=Da_Nang&oldid=5289731,0.9844,heuristic gaps + attributable-source match; not popularity
22,osm_node_7064981285,eat,Mộc Quán,26 Đường Tô Hiến Thành,https://www.openstreetmap.org/node/7064981285,2026-01-01T07:10:30Z,price_text;opening_hours;website,,wv_4a835dfc234ee531,https://en.wikivoyage.org/w/index.php?title=Da_Nang&oldid=5289731,0.6969,heuristic gaps + attributable-source match; not popularity
22,osm_way_1050159061,stay,Sala Danang Beach Hotel,"36-38 Lam Hoanh Street, Son Tra District",https://www.openstreetmap.org/way/1050159061,2025-05-15T07:13:25Z,price_text;opening_hours;phone,,wv_1c60e357a393c68a,https://en.wikivoyage.org/w/index.php?title=Da_Nang&oldid=5289731,0.9864,heuristic gaps + attributable-source match; not popularity
20,osm_node_11361153194,eat,Ngoi Café,205/85 Nguyễn Văn Yhoại,https://www.openstreetmap.org/node/11361153194,2026-04-08T14:19:11Z,price_text;phone;website,,wv_ab097083b52aa565,https://en.wikivoyage.org/w/index.php?title=Da_Nang&oldid=5289731,1.0,heuristic gaps + attributable-source match; not popularity
20,osm_node_4166666089,stay,Danang Backpackers Hostel,106 Nguyễn Chí Thanh,https://www.openstreetmap.org/node/4166666089,2016-05-05T02:06:46Z,price_text,price_text,wv_999ede21a5c44760,https://en.wikivoyage.org/w/index.php?title=Da_Nang&oldid=5289731,0.8597,heuristic gaps + attributable-source match; not popularity
19,osm_node_4313932192,eat,Kangaroo Bar - Burger,218 Hồ Nghinh,https://www.openstreetmap.org/node/4313932192,2020-02-08T10:47:18Z,price_text;website,,wv_bf975daf30efc2f6,https://en.wikivoyage.org/w/index.php?title=Da_Nang&oldid=5289731,0.9146,heuristic gaps + attributable-source match; not popularity
19,osm_node_4430077491,eat,Mi Quang 1A,Hải Phòng,https://www.openstreetmap.org/node/4430077491,2017-02-07T10:19:26Z,price_text;website,,wv_bbaefb8187c18eff,https://en.wikivoyage.org/w/index.php?title=Da_Nang&oldid=5289731,0.9908,heuristic gaps + attributable-source match; not popularity
12,osm_node_13108908653,eat,Buffet Mogu Mogu,,https://www.openstreetmap.org/node/13108908653,2025-08-30T15:48:40Z,price_text;opening_hours;address;phone;website,,,,,heuristic gaps + attributable-source match; not popularity
12,osm_node_13525505845,eat,Cóm Bà Tí,,https://www.openstreetmap.org/node/13525505845,2026-02-06T05:35:16Z,price_text;opening_hours;address;phone;website,,,,,heuristic gaps + attributable-source match; not popularity
12,osm_node_7089176543,eat,Pho Bo,,https://www.openstreetmap.org/node/7089176543,2019-12-27T16:16:34Z,price_text;opening_hours;address;phone;website,,,,,heuristic gaps + attributable-source match; not popularity
12,osm_node_6125276059,eat,Temple Da Nang,,https://www.openstreetmap.org/node/6125276059,2023-01-08T09:33:50Z,price_text;opening_hours;address;phone;website,,,,,heuristic gaps + attributable-source match; not popularity
12,osm_way_1109970009,see,Nhà thờ Saint Denis,,https://www.openstreetmap.org/way/1109970009,2026-05-19T17:53:39Z,price_text;opening_hours;address;phone;website,,,,,heuristic gaps + attributable-source match; not popularity
12,osm_node_4761152563,see,Tượng Mẹ Âu Cơ,,https://www.openstreetmap.org/node/4761152563,2026-05-19T04:13:44Z,price_text;opening_hours;address;phone;website,,,,,heuristic gaps + attributable-source match; not popularity
12,osm_node_7194600275,stay,River Sunset Garden Villas & Homestay,,https://www.openstreetmap.org/node/7194600275,2020-02-08T05:08:37Z,price_text;opening_hours;address;phone;website,,,,,heuristic gaps + attributable-source match; not popularity
11,osm_way_1109970012,eat,Trú Vũ Trà Quán,,https://www.openstreetmap.org/way/1109970012,2026-03-28T19:43:31Z,price_text;opening_hours;address;phone,,,,,heuristic gaps + attributable-source match; not popularity
11,osm_node_13687068650,see,Linh Phong Bảo Tháp,,https://www.openstreetmap.org/node/13687068650,2026-03-28T19:43:31Z,price_text;opening_hours;address;phone,,,,,heuristic gaps + attributable-source match; not popularity
10,osm_node_729406701,eat,10Tran Quoc Toan Coffee,,https://www.openstreetmap.org/node/729406701,2010-05-11T22:06:21Z,price_text;opening_hours;address;phone;website,,,,,heuristic gaps + attributable-source match; not popularity
10,osm_node_729406633,eat,157Coffee,,https://www.openstreetmap.org/node/729406633,2010-05-11T22:05:35Z,price_text;opening_hours;address;phone;website,,,,,heuristic gaps + attributable-source match; not popularity
10,osm_node_729406851,eat,161Coffee,,https://www.openstreetmap.org/node/729406851,2010-05-11T22:08:00Z,price_text;opening_hours;address;phone;website,,,,,heuristic gaps + attributable-source match; not popularity
10,osm_node_7082238987,eat,18+ Station,,https://www.openstreetmap.org/node/7082238987,2019-12-24T11:32:59Z,price_text;opening_hours;address;phone;website,,,,,heuristic gaps + attributable-source match; not popularity
10,osm_node_6479964400,eat,1986,,https://www.openstreetmap.org/node/6479964400,2019-05-17T06:17:38Z,price_text;opening_hours;address;phone;website,,,,,heuristic gaps + attributable-source match; not popularity
10,osm_node_12839895649,eat,1996,,https://www.openstreetmap.org/node/12839895649,2025-05-15T12:31:54Z,price_text;opening_hours;address;phone;website,,,,,heuristic gaps + attributable-source match; not popularity
10,osm_node_729406714,eat,204Coffee,,https://www.openstreetmap.org/node/729406714,2010-05-11T22:06:32Z,price_text;opening_hours;address;phone;website,,,,,heuristic gaps + attributable-source match; not popularity
10,osm_node_2987522033,eat,218,,https://www.openstreetmap.org/node/2987522033,2014-07-30T11:41:05Z,price_text;opening_hours;address;phone;website,,,,,heuristic gaps + attributable-source match; not popularity
10,osm_node_729406867,eat,26 Coffee,,https://www.openstreetmap.org/node/729406867,2011-06-21T09:39:31Z,price_text;opening_hours;address;phone;website,,,,,heuristic gaps + attributable-source match; not popularity
10,osm_node_729406419,eat,324Coffee,,https://www.openstreetmap.org/node/729406419,2010-05-11T22:01:16Z,price_text;opening_hours;address;phone;website,,,,,heuristic gaps + attributable-source match; not popularity
10,osm_node_4694598590,eat,339 Restaurant and Bar,,https://www.openstreetmap.org/node/4694598590,2017-02-20T04:19:00Z,price_text;opening_hours;address;phone;website,,,,,heuristic gaps + attributable-source match; not popularity
10,osm_node_729406875,eat,33Coffee,,https://www.openstreetmap.org/node/729406875,2010-05-11T22:08:13Z,price_text;opening_hours;address;phone;website,,,,,heuristic gaps + attributable-source match; not popularity
10,osm_node_729406594,eat,352Coffee,,https://www.openstreetmap.org/node/729406594,2011-06-21T09:39:31Z,price_text;opening_hours;address;phone;website,,,,,heuristic gaps + attributable-source match; not popularity
10,osm_node_729406730,eat,37Coffee,,https://www.openstreetmap.org/node/729406730,2010-05-11T22:06:43Z,price_text;opening_hours;address;phone;website,,,,,heuristic gaps + attributable-source match; not popularity
10,osm_node_729406928,eat,411Coffee,,https://www.openstreetmap.org/node/729406928,2010-05-11T22:08:43Z,price_text;opening_hours;address;phone;website,,,,,heuristic gaps + attributable-source match; not popularity
10,osm_node_729406588,eat,42Coffee,,https://www.openstreetmap.org/node/729406588,2010-05-11T22:05:05Z,price_text;opening_hours;address;phone;website,,,,,heuristic gaps + attributable-source match; not popularity
10,osm_node_12168408991,eat,4:30pm Beer,,https://www.openstreetmap.org/node/12168408991,2024-09-10T16:23:58Z,price_text;opening_hours;address;phone;website,,,,,heuristic gaps + attributable-source match; not popularity
10,osm_node_12170223349,eat,4U Restaurant,,https://www.openstreetmap.org/node/12170223349,2025-05-16T04:59:50Z,price_text;opening_hours;address;phone;website,,,,,heuristic gaps + attributable-source match; not popularity
10,osm_node_729406847,eat,54Coffee,,https://www.openstreetmap.org/node/729406847,2010-05-11T22:07:57Z,price_text;opening_hours;address;phone;website,,,,,heuristic gaps + attributable-source match; not popularity
10,osm_node_729406471,eat,55Coffee,,https://www.openstreetmap.org/node/729406471,2010-05-11T22:01:50Z,price_text;opening_hours;address;phone;website,,,,,heuristic gaps + attributable-source match; not popularity
10,osm_node_6362798786,eat,589 Hoang Dieu,,https://www.openstreetmap.org/node/6362798786,2019-03-26T16:17:02Z,price_text;opening_hours;address;phone;website,,,,,heuristic gaps + attributable-source match; not popularity
10,osm_node_729406490,eat,74Coffee,,https://www.openstreetmap.org/node/729406490,2010-05-11T22:02:05Z,price_text;opening_hours;address;phone;website,,,,,heuristic gaps + attributable-source match; not popularity
10,osm_node_729406954,eat,89Coffee,,https://www.openstreetmap.org/node/729406954,2015-05-06T15:27:02Z,price_text;opening_hours;address;phone;website,,,,,heuristic gaps + attributable-source match; not popularity
10,osm_node_729406797,eat,8XCoffee,,https://www.openstreetmap.org/node/729406797,2010-05-11T22:07:33Z,price_text;opening_hours;address;phone;website,,,,,heuristic gaps + attributable-source match; not popularity
10,osm_node_729406953,eat,93Coffee,,https://www.openstreetmap.org/node/729406953,2010-05-11T22:08:56Z,price_text;opening_hours;address;phone;website,,,,,heuristic gaps + attributable-source match; not popularity
10,osm_node_12177771169,eat,Adobo,,https://www.openstreetmap.org/node/12177771169,2025-05-17T11:37:57Z,price_text;opening_hours;address;phone;website,,,,,heuristic gaps + attributable-source match; not popularity
10,osm_node_7148361385,eat,ADOD-Coffee & Bottle,,https://www.openstreetmap.org/node/7148361385,2020-01-21T10:00:30Z,price_text;opening_hours;address;phone;website,,,,,heuristic gaps + attributable-source match; not popularity
10,osm_node_7138650085,eat,Ador Coffee,,https://www.openstreetmap.org/node/7138650085,2020-01-17T08:56:31Z,price_text;opening_hours;address;phone;website,,,,,heuristic gaps + attributable-source match; not popularity
10,osm_node_12853339264,eat,Aespa,,https://www.openstreetmap.org/node/12853339264,2025-05-21T13:54:07Z,price_text;opening_hours;address;phone;website,,,,,heuristic gaps + attributable-source match; not popularity
10,osm_node_7094770702,eat,Aira Garden,,https://www.openstreetmap.org/node/7094770702,2019-12-30T03:33:50Z,price_text;opening_hours;address;phone;website,,,,,heuristic gaps + attributable-source match; not popularity
10,osm_node_13357600202,eat,Al Fresco's,,https://www.openstreetmap.org/node/13357600202,2025-12-06T14:37:59Z,price_text;opening_hours;address;phone;website,,,,,heuristic gaps + attributable-source match; not popularity
10,osm_node_12839895646,eat,Aladin,,https://www.openstreetmap.org/node/12839895646,2025-05-18T10:01:12Z,price_text;opening_hours;address;phone;website,,,,,heuristic gaps + attributable-source match; not popularity
10,osm_node_729406836,eat,AladinCoffee,,https://www.openstreetmap.org/node/729406836,2010-05-11T22:07:50Z,price_text;opening_hours;address;phone;website,,,,,heuristic gaps + attributable-source match; not popularity
10,osm_node_729406901,eat,ALish Tong Coffee,,https://www.openstreetmap.org/node/729406901,2010-05-11T22:08:29Z,price_text;opening_hours;address;phone;website,,,,,heuristic gaps + attributable-source match; not popularity
10,osm_node_12165838991,eat,All Seasons,,https://www.openstreetmap.org/node/12165838991,2025-05-16T13:52:24Z,price_text;opening_hours;address;phone;website,,,,,heuristic gaps + attributable-source match; not popularity
10,osm_node_13078092631,eat,Amare,,https://www.openstreetmap.org/node/13078092631,2025-08-18T13:58:53Z,price_text;opening_hours;address;phone;website,,,,,heuristic gaps + attributable-source match; not popularity
10,osm_node_12169743843,eat,An An,,https://www.openstreetmap.org/node/12169743843,2025-05-21T12:59:49Z,price_text;opening_hours;address;phone;website,,,,,heuristic gaps + attributable-source match; not popularity
10,osm_node_2217387212,eat,An Bang Beach Club,,https://www.openstreetmap.org/node/2217387212,2019-03-21T16:28:36Z,price_text;opening_hours;address;phone;website,,,,,heuristic gaps + attributable-source match; not popularity
10,osm_node_4810067542,eat,An Gia Cottage,,https://www.openstreetmap.org/node/4810067542,2017-04-22T17:36:13Z,price_text;opening_hours;address;phone;website,,,,,heuristic gaps + attributable-source match; not popularity
10,osm_way_1205411429,eat,AN LAGOON Seafood Master,,https://www.openstreetmap.org/way/1205411429,2023-09-06T07:24:55Z,price_text;opening_hours;address;phone;website,,,,,heuristic gaps + attributable-source match; not popularity
10,osm_node_14028555101,eat,AN THOI SEAFOOD,,https://www.openstreetmap.org/node/14028555101,2026-07-20T11:00:22Z,price_text;opening_hours;address;phone;website,,,,,heuristic gaps + attributable-source match; not popularity
10,osm_node_12655225301,eat,Angel Coffee,,https://www.openstreetmap.org/node/12655225301,2025-03-12T06:07:00Z,price_text;opening_hours;address;phone;website,,,,,heuristic gaps + attributable-source match; not popularity
10,osm_node_729406944,eat,Angles Coffee Bar,,https://www.openstreetmap.org/node/729406944,2010-05-11T02:52:24Z,price_text;opening_hours;address;phone;website,,,,,heuristic gaps + attributable-source match; not popularity
10,osm_node_12171219555,eat,Anh Kim Quan,,https://www.openstreetmap.org/node/12171219555,2024-09-12T05:30:36Z,price_text;opening_hours;address;phone;website,,,,,heuristic gaps + attributable-source match; not popularity
10,osm_node_13566150243,eat,Anh Tuyet,,https://www.openstreetmap.org/node/13566150243,2026-02-15T11:21:25Z,price_text;opening_hours;address;phone;website,,,,,heuristic gaps + attributable-source match; not popularity
10,osm_node_729406838,eat,AnhCoffee,,https://www.openstreetmap.org/node/729406838,2010-05-11T22:07:52Z,price_text;opening_hours;address;phone;website,,,,,heuristic gaps + attributable-source match; not popularity
10,osm_node_729406806,eat,AnhDuong Coffee,,https://www.openstreetmap.org/node/729406806,2010-05-11T22:07:37Z,price_text;opening_hours;address;phone;website,,,,,heuristic gaps + attributable-source match; not popularity
10,osm_node_729406411,eat,AnhLinh Coffee,,https://www.openstreetmap.org/node/729406411,2010-05-11T22:01:09Z,price_text;opening_hours;address;phone;website,,,,,heuristic gaps + attributable-source match; not popularity
10,osm_node_729406417,eat,AnhLinh Coffee,,https://www.openstreetmap.org/node/729406417,2011-06-21T08:44:07Z,price_text;opening_hours;address;phone;website,,,,,heuristic gaps + attributable-source match; not popularity
10,osm_node_729406581,eat,AnhLinh Coffee,,https://www.openstreetmap.org/node/729406581,2011-06-22T05:03:14Z,price_text;opening_hours;address;phone;website,,,,,heuristic gaps + attributable-source match; not popularity
10,osm_node_729406718,eat,AnhThu Coffee,,https://www.openstreetmap.org/node/729406718,2020-02-08T10:47:17Z,price_text;opening_hours;address;phone;website,,,,,heuristic gaps + attributable-source match; not popularity
10,osm_node_729406946,eat,AnNa Coffee,,https://www.openstreetmap.org/node/729406946,2010-05-11T22:08:52Z,price_text;opening_hours;address;phone;website,,,,,heuristic gaps + attributable-source match; not popularity
10,osm_node_12809018301,eat,Aqua Betty,,https://www.openstreetmap.org/node/12809018301,2025-05-04T06:30:09Z,price_text;opening_hours;address;phone;website,,,,,heuristic gaps + attributable-source match; not popularity
10,osm_node_7089229992,eat,Arcadia Coffee,,https://www.openstreetmap.org/node/7089229992,2019-12-27T16:14:43Z,price_text;opening_hours;address;phone;website,,,,,heuristic gaps + attributable-source match; not popularity
10,osm_node_12839895654,eat,Armor,,https://www.openstreetmap.org/node/12839895654,2025-05-17T19:51:50Z,price_text;opening_hours;address;phone;website,,,,,heuristic gaps + attributable-source match; not popularity
10,osm_node_7103226692,eat,Aroma Italian Oven,,https://www.openstreetmap.org/node/7103226692,2020-01-02T21:59:55Z,price_text;opening_hours;address;phone;website,,,,,heuristic gaps + attributable-source match; not popularity
10,osm_node_13300877728,eat,Asia Express,,https://www.openstreetmap.org/node/13300877728,2026-02-11T10:07:28Z,price_text;opening_hours;address;phone;website,,,,,heuristic gaps + attributable-source match; not popularity
10,osm_node_4259583468,eat,Au Lac,,https://www.openstreetmap.org/node/4259583468,2020-12-11T19:01:56Z,price_text;opening_hours;address;phone;website,,,,,heuristic gaps + attributable-source match; not popularity
10,osm_node_12841766770,eat,Aussie Bistro,,https://www.openstreetmap.org/node/12841766770,2025-05-21T13:07:10Z,price_text;opening_hours;address;phone;website,,,,,heuristic gaps + attributable-source match; not popularity
10,osm_node_12167898652,eat,Azzan,,https://www.openstreetmap.org/node/12167898652,2025-05-16T13:52:24Z,price_text;opening_hours;address;phone;website,,,,,heuristic gaps + attributable-source match; not popularity
10,osm_node_4541141193,eat,Ba Duong Banh Xeo,,https://www.openstreetmap.org/node/4541141193,2018-12-19T09:07:19Z,price_text;opening_hours;address;phone;website,,,,,heuristic gaps + attributable-source match; not popularity
10,osm_node_13523232802,see,11 Animals,,https://www.openstreetmap.org/node/13523232802,2026-02-04T02:33:31Z,price_text;opening_hours;address;phone;website,,,,,heuristic gaps + attributable-source match; not popularity
10,osm_way_903067718,see,2005 Phú Lộc derailment memorial,,https://www.openstreetmap.org/way/903067718,2021-02-09T18:48:37Z,price_text;opening_hours;address;phone;website,,,,,heuristic gaps + attributable-source match; not popularity
10,osm_node_13523223198,see,6 Animals,,https://www.openstreetmap.org/node/13523223198,2026-02-04T02:33:31Z,price_text;opening_hours;address;phone;website,,,,,heuristic gaps + attributable-source match; not popularity
10,osm_node_12815941401,see,7 wonders,,https://www.openstreetmap.org/node/12815941401,2025-05-07T06:29:50Z,price_text;opening_hours;address;phone;website,,,,,heuristic gaps + attributable-source match; not popularity
10,osm_node_7095169367,see,Art Gallery,,https://www.openstreetmap.org/node/7095169367,2020-02-08T10:47:20Z,price_text;opening_hours;address;phone;website,,,,,heuristic gaps + attributable-source match; not popularity
10,osm_node_1538334281,see,Ban Co Peak,,https://www.openstreetmap.org/node/1538334281,2024-03-18T05:58:46Z,price_text;opening_hours;address;phone;website,,,,,heuristic gaps + attributable-source match; not popularity
10,osm_node_11171035936,see,Buddha,,https://www.openstreetmap.org/node/11171035936,2023-09-06T04:06:51Z,price_text;opening_hours;address;phone;website,,,,,heuristic gaps + attributable-source match; not popularity
10,osm_node_11171038441,see,Buddha,,https://www.openstreetmap.org/node/11171038441,2023-09-06T04:06:51Z,price_text;opening_hours;address;phone;website,,,,,heuristic gaps + attributable-source match; not popularity
10,osm_way_1330726238,see,Bãi biển Bắc,,https://www.openstreetmap.org/way/1330726238,2025-07-10T07:02:49Z,price_text;opening_hours;address;phone;website,,,,,heuristic gaps + attributable-source match; not popularity
10,osm_relation_19000664,see,Bãi biển Mỹ Khê,,https://www.openstreetmap.org/relation/19000664,2025-10-09T05:43:48Z,price_text;opening_hours;address;phone;website,,,,,heuristic gaps + attributable-source match; not popularity
10,osm_way_630377259,see,Bãi biển Tiên Sa,,https://www.openstreetmap.org/way/630377259,2026-04-16T17:21:24Z,price_text;opening_hours;address;phone;website,,,,,heuristic gaps + attributable-source match; not popularity
10,osm_way_1205391949,see,Bãi biển Tân Trà,,https://www.openstreetmap.org/way/1205391949,2024-06-01T10:16:07Z,price_text;opening_hours;address;phone;website,,,,,heuristic gaps + attributable-source match; not popularity
10,osm_way_1415072216,see,Bãi Bà Đa,,https://www.openstreetmap.org/way/1415072216,2025-07-16T02:41:50Z,price_text;opening_hours;address;phone;website,,,,,heuristic gaps + attributable-source match; not popularity
10,osm_way_508243736,see,Bãi Hầm,,https://www.openstreetmap.org/way/508243736,2025-07-16T02:41:50Z,price_text;opening_hours;address;phone;website,,,,,heuristic gaps + attributable-source match; not popularity
10,osm_way_1415072215,see,Bãi Sủng Cỏ,,https://www.openstreetmap.org/way/1415072215,2025-07-16T02:41:50Z,price_text;opening_hours;address;phone;website,,,,,heuristic gaps + attributable-source match; not popularity
10,osm_way_1204900824,see,Bãi tắm Non Nước,,https://www.openstreetmap.org/way/1204900824,2025-04-18T14:39:22Z,price_text;opening_hours;address;phone;website,,,,,heuristic gaps + attributable-source match; not popularity
10,osm_way_508244759,see,Bãi Xoan,,https://www.openstreetmap.org/way/508244759,2026-01-17T08:24:56Z,price_text;opening_hours;address;phone;website,,,,,heuristic gaps + attributable-source match; not popularity
10,osm_node_13040467529,see,Bãi Đá,,https://www.openstreetmap.org/node/13040467529,2025-08-01T02:06:24Z,price_text;opening_hours;address;phone;website,,,,,heuristic gaps + attributable-source match; not popularity
10,osm_way_1481663044,see,Bản sao nhà sàn,,https://www.openstreetmap.org/way/1481663044,2026-02-22T05:46:33Z,price_text;opening_hours;address;phone;website,,,,,heuristic gaps + attributable-source match; not popularity
10,osm_way_303341669,see,Bảo tàng Hồ Chí Minh,,https://www.openstreetmap.org/way/303341669,2026-03-09T23:42:55Z,price_text;opening_hours;address;phone;website,,,,,heuristic gaps + attributable-source match; not popularity
10,osm_node_4294056396,see,Bảo tàng Mỹ Thuật Đà nẵng,,https://www.openstreetmap.org/node/4294056396,2019-12-31T20:18:31Z,price_text;opening_hours;address;phone;website,,,,,heuristic gaps + attributable-source match; not popularity
10,osm_way_118691767,see,Bảo tàng Quân khu 5,,https://www.openstreetmap.org/way/118691767,2026-03-09T23:42:55Z,price_text;opening_hours;address;phone;website,,,,,heuristic gaps + attributable-source match; not popularity
10,osm_node_4294060393,see,bến xe Đà Nẵng,,https://www.openstreetmap.org/node/4294060393,2016-07-10T07:29:30Z,price_text;opening_hours;address;phone;website,,,,,heuristic gaps + attributable-source match; not popularity
10,osm_node_5272119221,see,Ca Chep Hoa Rong,,https://www.openstreetmap.org/node/5272119221,2025-11-07T14:15:49Z,price_text;opening_hours;address;phone;website,,,,,heuristic gaps + attributable-source match; not popularity
10,osm_way_1265740821,see,Cat Vang Beach,,https://www.openstreetmap.org/way/1265740821,2024-03-24T08:16:06Z,price_text;opening_hours;address;phone;website,,,,,heuristic gaps + attributable-source match; not popularity
10,osm_node_5276547123,see,Cau Nguyen Van Troi Bridge,,https://www.openstreetmap.org/node/5276547123,2017-12-11T02:48:59Z,price_text;opening_hours;address;phone;website,,,,,heuristic gaps + attributable-source match; not popularity
10,osm_node_6512888885,see,Cementerio militar franco-español de Y Pha Nho,,https://www.openstreetmap.org/node/6512888885,2019-05-31T10:01:06Z,price_text;opening_hours;address;phone;website,,,,,heuristic gaps + attributable-source match; not popularity
10,osm_node_4294143994,see,chi nhánh Travel Indochina tại Đà nẵng,,https://www.openstreetmap.org/node/4294143994,2016-07-10T07:32:31Z,price_text;opening_hours;address;phone;website,,,,,heuristic gaps + attributable-source match; not popularity
10,osm_node_5272119721,see,Chu Dai Bi,,https://www.openstreetmap.org/node/5272119721,2024-01-28T11:02:59Z,price_text;opening_hours;address;phone;website,,,,,heuristic gaps + attributable-source match; not popularity
10,osm_node_4692968491,see,Cong an My An,,https://www.openstreetmap.org/node/4692968491,2017-03-27T12:34:15Z,price_text;opening_hours;address;phone;website,,,,,heuristic gaps + attributable-source match; not popularity
10,osm_node_4717753291,see,Cát Việt Travel & Media,,https://www.openstreetmap.org/node/4717753291,2019-06-07T17:37:47Z,price_text;opening_hours;address;phone;website,,,,,heuristic gaps + attributable-source match; not popularity
10,osm_node_6528451001,see,Cây đa Đò Xu,,https://www.openstreetmap.org/node/6528451001,2019-06-06T13:47:09Z,price_text;opening_hours;address;phone;website,,,,,heuristic gaps + attributable-source match; not popularity
10,osm_node_6346486685,see,Cây đa đại thụ,,https://www.openstreetmap.org/node/6346486685,2024-03-18T05:12:55Z,price_text;opening_hours;address;phone;website,,,,,heuristic gaps + attributable-source match; not popularity
10,osm_node_7276380289,see,Cầu Sông Hàn,,https://www.openstreetmap.org/node/7276380289,2026-05-30T13:33:22Z,price_text;opening_hours;address;phone;website,,,,,heuristic gaps + attributable-source match; not popularity
10,osm_node_5273999121,see,Cầu Thuận Phước,,https://www.openstreetmap.org/node/5273999121,2026-05-30T13:36:17Z,price_text;opening_hours;address;phone;website,,,,,heuristic gaps + attributable-source match; not popularity
10,osm_node_5273998822,see,Cầu Tiên Sơn,,https://www.openstreetmap.org/node/5273998822,2026-05-30T14:19:42Z,price_text;opening_hours;address;phone;website,,,,,heuristic gaps + attributable-source match; not popularity
10,osm_way_683416736,see,Cầu Vàng,,https://www.openstreetmap.org/way/683416736,2025-07-01T03:08:00Z,price_text;opening_hours;address;phone;website,,,,,heuristic gaps + attributable-source match; not popularity
10,osm_node_4294060394,see,cầu vượt Ngã Ba Huế,,https://www.openstreetmap.org/node/4294060394,2017-12-12T06:40:21Z,price_text;opening_hours;address;phone;website,,,,,heuristic gaps + attributable-source match; not popularity
10,osm_node_13417754301,see,DaNang Beach,,https://www.openstreetmap.org/node/13417754301,2025-12-30T10:24:05Z,price_text;opening_hours;address;phone;website,,,,,heuristic gaps + attributable-source match; not popularity
10,osm_node_5922491535,see,Dong Tang Chon,,https://www.openstreetmap.org/node/5922491535,2023-09-06T04:06:51Z,price_text;opening_hours;address;phone;website,,,,,heuristic gaps + attributable-source match; not popularity
10,osm_node_13525483883,see,Dragon,,https://www.openstreetmap.org/node/13525483883,2026-02-05T04:08:03Z,price_text;opening_hours;address;phone;website,,,,,heuristic gaps + attributable-source match; not popularity
10,osm_node_11161070775,see,Dragon's Head,,https://www.openstreetmap.org/node/11161070775,2026-07-05T13:24:43Z,price_text;opening_hours;address;phone;website,,,,,heuristic gaps + attributable-source match; not popularity
10,osm_node_11161070774,see,Dragon's Tail,,https://www.openstreetmap.org/node/11161070774,2023-09-01T15:45:34Z,price_text;opening_hours;address;phone;website,,,,,heuristic gaps + attributable-source match; not popularity
10,osm_node_4924323121,see,Fishing Village and Fleet,,https://www.openstreetmap.org/node/4924323121,2023-11-18T07:34:20Z,price_text;opening_hours;address;phone;website,,,,,heuristic gaps + attributable-source match; not popularity
10,osm_node_13811478498,see,Gold woman statue,,https://www.openstreetmap.org/node/13811478498,2026-05-09T15:41:15Z,price_text;opening_hours;address;phone;website,,,,,heuristic gaps + attributable-source match; not popularity
10,osm_node_3110591694,see,Golden Buddha,,https://www.openstreetmap.org/node/3110591694,2026-02-04T02:33:31Z,price_text;opening_hours;address;phone;website,,,,,heuristic gaps + attributable-source match; not popularity
10,osm_node_13811480597,see,Golden Diana Goddess,,https://www.openstreetmap.org/node/13811480597,2026-05-09T15:41:15Z,price_text;opening_hours;address;phone;website,,,,,heuristic gaps + attributable-source match; not popularity
10,osm_node_4299663593,stay,1812 Boutique hostel,,https://www.openstreetmap.org/node/4299663593,2019-06-03T16:23:45Z,price_text;opening_hours;address;phone;website,,,,,heuristic gaps + attributable-source match; not popularity
10,osm_node_5893704690,stay,4 Seasons Danang Hostel,"69 Châu Thị Vĩnh Tế, Ngũ Hành Sơn District, Danang",https://www.openstreetmap.org/node/5893704690,2018-10-05T06:17:04Z,price_text;opening_hours;phone;website,,,,,heuristic gaps + attributable-source match; not popularity
10,osm_node_12169743813,stay,Adaline,,https://www.openstreetmap.org/node/12169743813,2024-09-11T10:32:25Z,price_text;opening_hours;address;phone;website,,,,,heuristic gaps + attributable-source match; not popularity
10,osm_way_1050159049,stay,Adaline Hotel & Suites,,https://www.openstreetmap.org/way/1050159049,2025-05-15T06:57:14Z,price_text;opening_hours;address;phone;website,,,,,heuristic gaps + attributable-source match; not popularity
10,osm_way_1247583064,stay,Adina Hotel,,https://www.openstreetmap.org/way/1247583064,2026-05-16T14:16:14Z,price_text;opening_hours;address;phone;website,,,,,heuristic gaps + attributable-source match; not popularity
10,osm_node_12850675091,stay,Alabasta,,https://www.openstreetmap.org/node/12850675091,2025-05-20T10:23:00Z,price_text;opening_hours;address;phone;website,,,,,heuristic gaps + attributable-source match; not popularity
10,osm_node_12841099500,stay,Alida,,https://www.openstreetmap.org/node/12841099500,2025-05-27T08:49:33Z,price_text;opening_hours;address;phone;website,,,,,heuristic gaps + attributable-source match; not popularity
10,osm_node_12846565766,stay,Aloka Suite,,https://www.openstreetmap.org/node/12846565766,2025-05-18T09:09:07Z,price_text;opening_hours;address;phone;website,,,,,heuristic gaps + attributable-source match; not popularity
10,osm_way_1181331958,stay,Amunra Ocean Hotel,,https://www.openstreetmap.org/way/1181331958,2025-05-15T12:57:36Z,price_text;opening_hours;address;phone;website,,,,,heuristic gaps + attributable-source match; not popularity
10,osm_node_7190630581,stay,An Bang My Village Homestay,,https://www.openstreetmap.org/node/7190630581,2020-02-06T11:44:53Z,price_text;opening_hours;address;phone;website,,,,,heuristic gaps + attributable-source match; not popularity
10,osm_node_4347550382,stay,An Bang Retreat,,https://www.openstreetmap.org/node/4347550382,2016-08-12T16:00:14Z,price_text;opening_hours;address;phone;website,,,,,heuristic gaps + attributable-source match; not popularity
10,osm_node_5023232365,stay,An Bang Vera Villas,,https://www.openstreetmap.org/node/5023232365,2017-08-09T01:42:29Z,price_text;opening_hours;address;phone;website,,,,,heuristic gaps + attributable-source match; not popularity
10,osm_node_12171219577,stay,An Cu,,https://www.openstreetmap.org/node/12171219577,2024-09-12T05:30:36Z,price_text;opening_hours;address;phone;website,,,,,heuristic gaps + attributable-source match; not popularity
10,osm_node_12866278354,stay,An Home,,https://www.openstreetmap.org/node/12866278354,2025-05-27T09:02:22Z,price_text;opening_hours;address;phone;website,,,,,heuristic gaps + attributable-source match; not popularity
10,osm_node_12167891418,stay,An House,,https://www.openstreetmap.org/node/12167891418,2025-05-24T13:32:13Z,price_text;opening_hours;address;phone;website,,,,,heuristic gaps + attributable-source match; not popularity
10,osm_node_12171219562,stay,Andy,,https://www.openstreetmap.org/node/12171219562,2025-05-23T07:42:25Z,price_text;opening_hours;address;phone;website,,,,,heuristic gaps + attributable-source match; not popularity
10,osm_node_12843903345,stay,Angel Homestay,,https://www.openstreetmap.org/node/12843903345,2025-05-17T11:47:18Z,price_text;opening_hours;address;phone;website,,,,,heuristic gaps + attributable-source match; not popularity
10,osm_node_6332534548,stay,Angel Hotels,,https://www.openstreetmap.org/node/6332534548,2025-05-17T12:59:14Z,price_text;opening_hours;address;phone;website,,,,,heuristic gaps + attributable-source match; not popularity
10,osm_way_1181331971,stay,Aria Grand,,https://www.openstreetmap.org/way/1181331971,2024-09-08T15:13:51Z,price_text;opening_hours;address;phone;website,,,,,heuristic gaps + attributable-source match; not popularity
10,osm_node_12167891417,stay,Arrive Apartment,,https://www.openstreetmap.org/node/12167891417,2025-05-15T07:13:25Z,price_text;opening_hours;address;phone;website,,,,,heuristic gaps + attributable-source match; not popularity
10,osm_way_1181331950,stay,Avatar,,https://www.openstreetmap.org/way/1181331950,2025-05-17T12:59:14Z,price_text;opening_hours;address;phone;website,,,,,heuristic gaps + attributable-source match; not popularity
10,osm_node_12860787940,stay,Awaken,,https://www.openstreetmap.org/node/12860787940,2026-01-31T00:16:04Z,price_text;opening_hours;address;phone;website,,,,,heuristic gaps + attributable-source match; not popularity
10,osm_node_12830376532,stay,B&M Apartment,,https://www.openstreetmap.org/node/12830376532,2025-05-16T13:52:24Z,price_text;opening_hours;address;phone;website,,,,,heuristic gaps + attributable-source match; not popularity
10,osm_node_12846565768,stay,Ba Dinh,,https://www.openstreetmap.org/node/12846565768,2025-05-18T09:09:07Z,price_text;opening_hours;address;phone;website,,,,,heuristic gaps + attributable-source match; not popularity
10,osm_node_12164803912,stay,Baan Taley Da Nang,,https://www.openstreetmap.org/node/12164803912,2025-05-24T13:32:13Z,price_text;opening_hours;address;phone;website,,,,,heuristic gaps + attributable-source match; not popularity
10,osm_node_12169835018,stay,Bac Nam,,https://www.openstreetmap.org/node/12169835018,2025-05-16T05:20:13Z,price_text;opening_hours;address;phone;website,,,,,heuristic gaps + attributable-source match; not popularity
10,osm_node_13290137086,stay,Bamboo Green Riverside,,https://www.openstreetmap.org/node/13290137086,2025-11-09T04:16:15Z,price_text;opening_hours;address;phone;website,,,,,heuristic gaps + attributable-source match; not popularity
10,osm_node_12649595801,stay,Banana Homestay,,https://www.openstreetmap.org/node/12649595801,2025-03-10T10:27:41Z,price_text;opening_hours;address;phone;website,,,,,heuristic gaps + attributable-source match; not popularity
10,osm_node_12662738802,stay,Bananaflower Homestay,,https://www.openstreetmap.org/node/12662738802,2025-03-17T02:21:33Z,price_text;opening_hours;address;phone;website,,,,,heuristic gaps + attributable-source match; not popularity
10,osm_way_1387134637,stay,Bantique,,https://www.openstreetmap.org/way/1387134637,2025-05-16T06:02:32Z,price_text;opening_hours;address;phone;website,,,,,heuristic gaps + attributable-source match; not popularity
10,osm_node_4347550381,stay,Banyan Villa,,https://www.openstreetmap.org/node/4347550381,2016-08-12T16:00:13Z,price_text;opening_hours;address;phone;website,,,,,heuristic gaps + attributable-source match; not popularity
10,osm_node_12839774216,stay,Bao Ahn,,https://www.openstreetmap.org/node/12839774216,2025-05-16T13:52:24Z,price_text;opening_hours;address;phone;website,,,,,heuristic gaps + attributable-source match; not popularity
10,osm_node_12815918301,stay,Bao chau hotel,,https://www.openstreetmap.org/node/12815918301,2025-05-16T07:38:46Z,price_text;opening_hours;address;phone;website,,,,,heuristic gaps + attributable-source match; not popularity
10,osm_node_12814048285,stay,Bear,,https://www.openstreetmap.org/node/12814048285,2025-05-15T06:57:14Z,price_text;opening_hours;address;phone;website,,,,,heuristic gaps + attributable-source match; not popularity
10,osm_node_5023232366,stay,Blue An Bang Villa,,https://www.openstreetmap.org/node/5023232366,2023-02-07T14:14:12Z,price_text;opening_hours;address;phone;website,,,,,heuristic gaps + attributable-source match; not popularity
10,osm_node_12173072810,stay,Blue-S,,https://www.openstreetmap.org/node/12173072810,2025-05-16T13:52:24Z,price_text;opening_hours;address;phone;website,,,,,heuristic gaps + attributable-source match; not popularity
10,osm_node_13960056401,stay,Bridges Danang Boutique Hotel,,https://www.openstreetmap.org/node/13960056401,2026-06-23T13:47:54Z,price_text;opening_hours;address;phone;website,,,,,heuristic gaps + attributable-source match; not popularity
10,osm_node_12167716643,stay,Calix,,https://www.openstreetmap.org/node/12167716643,2024-09-10T09:00:03Z,price_text;opening_hours;address;phone;website,,,,,heuristic gaps + attributable-source match; not popularity
10,osm_node_12168408897,stay,Calla Lily,,https://www.openstreetmap.org/node/12168408897,2025-05-25T08:44:47Z,price_text;opening_hours;address;phone;website,,,,,heuristic gaps + attributable-source match; not popularity
10,osm_node_12853200249,stay,Cantona,,https://www.openstreetmap.org/node/12853200249,2025-05-21T12:59:49Z,price_text;opening_hours;address;phone;website,,,,,heuristic gaps + attributable-source match; not popularity
10,osm_node_12837179239,stay,Capecia Hotel&Apartment,,https://www.openstreetmap.org/node/12837179239,2025-05-14T15:34:11Z,price_text;opening_hours;address;phone;website,,,,,heuristic gaps + attributable-source match; not popularity
10,osm_node_12418258801,stay,Capsule Hotel,,https://www.openstreetmap.org/node/12418258801,2025-12-29T12:10:45Z,price_text;opening_hours;address;phone;website,,,,,heuristic gaps + attributable-source match; not popularity
10,osm_way_531448688,stay,Casuarina Hoi An,,https://www.openstreetmap.org/way/531448688,2017-10-10T12:47:12Z,price_text;opening_hours;address;phone;website,,,,,heuristic gaps + attributable-source match; not popularity
10,osm_node_12841099498,stay,Celina,,https://www.openstreetmap.org/node/12841099498,2025-05-16T07:38:46Z,price_text;opening_hours;address;phone;website,,,,,heuristic gaps + attributable-source match; not popularity
10,osm_node_12655225401,stay,Centre Point Hotel and Residence,,https://www.openstreetmap.org/node/12655225401,2025-03-12T06:07:02Z,price_text;opening_hours;address;phone;website,,,,,heuristic gaps + attributable-source match; not popularity
10,osm_node_12169174292,stay,Charming,,https://www.openstreetmap.org/node/12169174292,2025-05-16T13:52:24Z,price_text;opening_hours;address;phone;website,,,,,heuristic gaps + attributable-source match; not popularity
10,osm_way_1181332023,stay,Charming Beauty,,https://www.openstreetmap.org/way/1181332023,2025-05-15T07:05:03Z,price_text;opening_hours;address;phone;website,,,,,heuristic gaps + attributable-source match; not popularity
10,osm_node_1435172204,stay,Charmpa Hotel,,https://www.openstreetmap.org/node/1435172204,2011-09-17T07:17:58Z,price_text;opening_hours;address;phone;website,,,,,heuristic gaps + attributable-source match; not popularity
10,osm_node_12860787932,stay,Chicland,,https://www.openstreetmap.org/node/12860787932,2026-01-31T00:16:04Z,price_text;opening_hours;address;phone;website,,,,,heuristic gaps + attributable-source match; not popularity
10,osm_node_6860614485,stay,Chung cư Vicoland,,https://www.openstreetmap.org/node/6860614485,2019-10-08T14:40:11Z,price_text;opening_hours;address;phone;website,,,,,heuristic gaps + attributable-source match; not popularity
10,osm_node_12173072818,stay,Cicilia,,https://www.openstreetmap.org/node/12173072818,2025-05-15T07:37:14Z,price_text;opening_hours;address;phone;website,,,,,heuristic gaps + attributable-source match; not popularity
10,osm_node_12169743826,stay,Classic,,https://www.openstreetmap.org/node/12169743826,2025-05-16T13:52:24Z,price_text;opening_hours;address;phone;website,,,,,heuristic gaps + attributable-source match; not popularity
10,osm_node_12169743824,stay,Coala,,https://www.openstreetmap.org/node/12169743824,2025-05-16T13:40:02Z,price_text;opening_hours;address;phone;website,,,,,heuristic gaps + attributable-source match; not popularity
10,osm_node_12830575033,stay,Coral Cove,,https://www.openstreetmap.org/node/12830575033,2025-05-12T15:09:05Z,price_text;opening_hours;address;phone;website,,,,,heuristic gaps + attributable-source match; not popularity
10,osm_way_754677605,stay,Courtyard Danang Han River,,https://www.openstreetmap.org/way/754677605,2025-06-22T20:42:23Z,price_text;opening_hours;address;phone;website,,,,,heuristic gaps + attributable-source match; not popularity
